Name,Address,RATING,CURRENT,RISK
A B'S DUNDEE 66,4926 UNDERWOOD AVE,STANDARD,05/16/18,LOW
A HILL OF BEANS INC,14512 W CENTER RD,STANDARD,01/25/19,LOW
ALL NATIONS GROCERIES,715 S 24 ST,STANDARD,08/09/18,LOW
AMES AVE CONVENIENCE,4145 AMES AVE,STANDARD,12/06/18,LOW
ANDERSON AMOCO FOOD SHOP,11955 PACIFIC ST,EXCELLENT,10/11/17,LOW
Affordable Kosher Meat  Inc ,12604 Pacific St,STANDARD,01/15/19,LOW
Anderson Amoco Food Shops,17915 ARBOR ST,EXCELLENT,09/11/17,LOW
Artemis Teas,1031 Jones St,STANDARD,02/16/18,LOW
BALI BAR NAILS & SPA,16821 Blondo St #101,STANDARD,08/13/18,LOW
BASKET FOOD,4518 S 24 ST,STANDARD,10/09/18,LOW
BEER CITY,4147 L ST,FAIR,01/02/19,LOW
BETTER BODIES INC,4117 S 120 ST,EXCELLENT,09/18/17,LOW
BIG JIM'S PLUS,3024 AMES ANE,STANDARD,10/02/18,LOW
BLUE CHIP ULTRA LOUNGE,14805 W MAPLE RD,EXCELLENT,10/13/17,LOW
BOURBON SALOON,311 S. 15th St 2nd floor,STANDARD,08/17/18,LOW
BRASS KNOCKER LOUNGE,3012 N 102 ST,FAIR,08/29/18,LOW
BUCKY DEXTER'S,4213 S 84 ST,STANDARD,03/06/18,LOW
Beer Can Alley/The Exchange,1101 Davenport Plz 200-240,STANDARD,06/08/18,LOW
Big Lots #4624,717 S 72nd ST,EXCELLENT,11/09/17,LOW
Bill's Convenience Store,3928 Maple ST,EXCELLENT,11/21/17,LOW
Brokedown Palace (The),8805 Maple St,STANDARD,04/11/18,LOW
Brothers Lounge 2002,3812 FARNAM ST,EXCELLENT,08/31/17,LOW
Bucky's Amoco #32,3909 N 132nd,STANDARD,08/23/18,LOW
Bucky's Express #61,2635 S 160th ST,STANDARD,02/22/18,LOW
Bucky's Express #831,4414 N 30th ST,STANDARD,01/24/18,LOW
CHROME LOUNGE,8552 PARK DR,STANDARD,11/30/18,LOW
CLUB 5216,5216 N 24 ST,STANDARD,11/26/18,LOW
COMPLETE NUTRITION,1110 S 71 ST,STANDARD,04/11/18,LOW
COMPLETE NUTRITION,15805 W MAPLE RD #104,STANDARD,04/30/18,LOW
COMPLETE NUTRITION,16950 WRIGHT PLZ STE 105,STANDARD,06/05/18,LOW
CORNER POCKET,4201 S 38 ST,STANDARD,05/24/18,LOW
CRANE COFFEE/CHILDREN'S HOSPITAL,8200 DODGE ST,STANDARD,09/26/17,LOW
CRYSTAL BEVERAGE MART,4807 S 20 ST,STANDARD,01/16/18,LOW
CUMING FOOD MART,4002 CUMING ST,STANDARD,10/27/17,LOW
California Bar,510 N 33 ST,STANDARD,07/25/18,LOW
Cantina El Sol,2332 S 24th St,STANDARD,01/25/19,LOW
Carson's Cookie Fix,763 N 114 ST,STANDARD,08/02/18,LOW
Carson's Cookie Fix - Mobile,763 N 114 ST,STANDARD,08/16/18,LOW
Crossbones Bar,5611 S 36th St,EXCELLENT,11/15/17,LOW
DINAH MART 3,4854 Q ST,STANDARD,02/13/18,LOW
DOC'S LEGACY LOUNGE,3922 AMES AVE,EXCELLENT,07/21/17,LOW
DUNDEE DOUBLE SHOT,118 N 50 ST,EXCELLENT,08/09/17,LOW
Danny's Corner Store,3301 California St,STANDARD,02/14/18,LOW
Dollar General #10825,8520 Park DR,STANDARD,01/03/18,LOW
Dollar General #19184,5033 S 24th St,STANDARD,09/11/17,LOW
Dollar General #4570,5470 N 90 ST,STANDARD,04/12/18,LOW
Dollar General #7382,3110 N 90 ST,EXCELLENT,11/16/17,LOW
Dollar General #7383,5636 AMES AVE,EXCELLENT,09/25/17,LOW
Dollar General Store #7630,13905 S PLZ,STANDARD,11/09/18,LOW
Dollar Tree #5577,5230 S 136 ST,STANDARD,01/03/19,LOW
Dollar Tree #6186,7415 DODGE ST,STANDARD,08/01/18,LOW
Dollar Tree #7122,9955 Redick Circle,STANDARD,11/05/18,LOW
Dollar Tree Store #07478,3515 S 84th St,STANDARD,07/17/18,LOW
Dollar Tree Store #2308,3066 N 90th ST,STANDARD,01/02/19,LOW
Dollar Tree Store #2525,7402 N 30 ST,STANDARD,04/17/18,LOW
Douger's,4401 CUMING ST,EXCELLENT,10/12/17,LOW
EAGLE FOOD MART/SELECT MART,3707 CENTER ST,STANDARD,06/08/18,LOW
EL MUSEO LATINO,4701 S 25 ST,STANDARD,04/02/18,LOW
ELMWOOD GOLF COURSE,6232 PACIFIC ST,EXCELLENT,11/14/17,LOW
EZ MART,6818 S 13 ST,STANDARD,08/27/18,LOW
Eastern Ne. Community Action Partnership,2406 Fowler Ave,STANDARD,01/07/19,LOW
Elbow Room,4973 CENTER ST,STANDARD,02/21/18,LOW
FAN TAN CLUB,5915 CENTER ST,STANDARD,06/14/18,LOW
FILM STREAMS INC,1340 Mike Fahey ST,EXCELLENT,10/18/17,LOW
FLIXX,1015 S 10 ST,EXCELLENT,08/22/17,LOW
FOUR ACES KWIK STOP,6602 N 30 ST,STANDARD,10/05/17,LOW
FOUR ACES SNACKS & TOBACCO,2408 LEAVENWORTH ST,EXCELLENT,11/22/17,LOW
FUZZY'S NEW,4024 N 24 ST,STANDARD,09/25/18,LOW
Family Dollar #5194,1516 NW RADIAL HWY,STANDARD,01/02/18,LOW
Family Dollar Inc #4926,5135 S 36 ST,STANDARD,09/18/18,LOW
Family Dollar Inc. #6879,1500 N 24 ST,STANDARD,07/27/18,LOW
Family Dollar Store #2311,6618 N 30 ST,STANDARD,07/30/18,LOW
Family Dollar Store #9369,2601 N 16 ST,STANDARD,12/17/18,LOW
G'S PUB,5051 S 108 ST,STANDARD,09/20/17,LOW
GET DOWN ULTRA LOUNGE,8509 N 30 ST,EXCELLENT,09/22/17,LOW
GREEN ONION,11414 DAVENPORT ST,STANDARD,01/14/19,LOW
Greatwall Discount & Wholesale,4425 S 84th St,STANDARD,01/24/18,LOW
Grover's Quick & Friendly,5014 Grover St,STANDARD,06/29/18,LOW
HAPPY BAR,601 N 16 ST,STANDARD,02/02/18,LOW
HAROLD'S BAR,8558 BLONDO ST,STANDARD,11/28/18,LOW
HILLSIDE PUB INC,8033 BLONDO ST,STANDARD,03/29/18,LOW
HOMY INN,1510 N SADDLE CREEK RD,STANDARD,01/22/18,LOW
HOPE SKATE,2200 N 20 ST,EXCELLENT,08/28/17,LOW
HOWELL'S AMOCO,7166 N 30 ST,STANDARD,09/06/18,LOW
Hamilton Food Mart,4901 HAMILTON ST,STANDARD,12/29/17,LOW
IMMANUEL VILLAGE STORE,6803 N 68 PLZ,EXCELLENT,11/01/17,LOW
INTERLUDE LOUNGE,7643 PACIFIC ST,STANDARD,10/16/17,LOW
J D's Circle In,3602 S 31st,STANDARD,02/09/18,LOW
JAKE'S MINI MART,8320 BLONDO ST,STANDARD,01/17/18,LOW
JERRY'S BAR,6301 MILITARY AVE,STANDARD,11/08/17,LOW
JESSE'S PLACE,2311 N 24 ST,EXCELLENT,08/04/17,LOW
JOSEPHINE'S COZY CORNER INC,2201 PIERCE ST,STANDARD,01/11/19,LOW
JUBA GROCERY,1138 NW RADIAL HWY,STANDARD,06/08/18,LOW
Jack's Discount Tobacco & Liquor,721 N 120TH ST,STANDARD,11/06/18,LOW
Jake's Cigars and Spirits,6206 MAPLE ST,EXCELLENT,09/27/17,LOW
Jalali Mart,2604 S 13th St,STANDARD,09/07/17,LOW
KELCEY'S,2529 RIVER RD DR-WATERLOO,STANDARD,01/18/18,LOW
KENDALL TAVERN,6310 GILMORE AVE,STANDARD,09/28/18,LOW
KNJ Express,3009 Parker ST,STANDARD,08/28/18,LOW
Kellys Package Liquor,3501 N 30th St,STANDARD,10/02/17,LOW
Kiewit,12720 I ST,STANDARD,08/10/17,LOW
Knolls Golf Course,11630 Sahler ST,EXCELLENT,09/20/17,LOW
Ko Zee Lounge,5813 N 60 ST,STANDARD,10/01/18,LOW
Krug Park,6205 MAPLE ST,EXCELLENT,09/19/17,LOW
LIBRARY PUB,5142 N 90 ST,STANDARD,12/06/17,LOW
LITTLE POLONIA BAR,3804 Q ST,EXCELLENT,06/05/17,LOW
La Economica,5520 S 36th ST,STANDARD,11/19/18,LOW
Lookout Lounge,320 S 72 ST,STANDARD,08/17/18,LOW
Lothrop Social Hall,3232 N 24th ST,STANDARD,06/22/18,LOW
Love's Jazz & Art Center,2510 N 24th ST,EXCELLENT,10/06/17,LOW
MIDTOWN GAS,1349 PARK AVE,STANDARD,11/08/18,LOW
MILT'S GOLF CENTER INC.,6402 Q ST,STANDARD,10/17/17,LOW
MINABELLA BEAUTY RESORT,366 N 114 ST,STANDARD,10/10/17,LOW
MY WAY LOUNGE,2425 N 84 ST,STANDARD,03/08/18,LOW
Mega Saver,5101 S 24th ST,FAIR,11/16/18,LOW
Midtown Gas & Grocery,1222 S 24th St,STANDARD,01/14/19,LOW
Millionaire Minds/Reign Lounge,8919 N 30th St,EXCELLENT,08/25/17,LOW
Miracle Hill Golf & Tennis,1401 N 120th ST,EXCELLENT,11/14/17,LOW
Mister Toad/Abco Corp,1002 Howard ST,STANDARD,01/18/18,LOW
Moe & Curly's Pub,2946 N 108th ST,STANDARD,07/24/18,LOW
Molly's Pub,8525 Park Dr,STANDARD,07/26/18,LOW
Murphy Express #8811,4111 S 132nd St,STANDARD,10/04/17,LOW
NORTH SHORE TAVERN,10148 MAPLE ST,STANDARD,01/02/18,LOW
NORTHERN TOOL & EQUIPMENT,7202 PACIFIC ST,EXCELLENT,09/12/17,LOW
NP Mart,4229 N 60 ST,STANDARD,11/15/18,LOW
Namaste Foods LLC,617 N 114TH ST,STANDARD,09/05/18,LOW
Neighber's,4689 Leavenworth,STANDARD,02/23/18,LOW
Nest Lounge,2638 S 158th Plz,STANDARD,11/16/18,LOW
New Frontier,8516 N 30 ST,STANDARD,03/14/18,LOW
Noahs Event Center,17121 Marcy St,STANDARD,06/29/18,LOW
OUTPOST BAR,6301 S 36 ST,STANDARD,01/17/19,LOW
Obar,15660 W Center RD,STANDARD,11/14/18,LOW
Office West Lounge,1266 S 119th CT,EXCELLENT,08/29/17,LOW
Olson Tavern Inc,3207 Leavenworth,STANDARD,03/05/18,LOW
Omaha Community Playhouse,6915 Cass,EXCELLENT,09/27/17,LOW
Omaha Mining Company,1715 Leavenworth ST,STANDARD,10/18/18,LOW
Omaha Tropical Market,4113 S 84th St,STANDARD,11/17/17,LOW
Osteria Segreto,3910 Farnam St STE B,STANDARD,11/29/17,LOW
PAGETURNERS LOUNGE,5004 DODGE ST,EXCELLENT,11/14/17,LOW
PARKING LOT (THE),5820 S 99 ST,STANDARD,11/15/18,LOW
PARLIAMENT PUB,1212 HARNEY ST STE 2,STANDARD,11/29/17,LOW
PARLIAMENT PUB,16939 WRIGHT PLZ STE 153,STANDARD,05/11/18,LOW
PIC'S SIX,13328 MILLARD AVE,STANDARD,08/06/18,LOW
PROFILE BY SANFORD,1303 S 72 ST STE 106,EXCELLENT,11/02/17,LOW
PROFILE BY SANFORD,14848 Evans Plz,STANDARD,12/31/18,LOW
Puff N Stuff,3507 N 30th St,STANDARD,10/02/17,LOW
Quik Pik,5421 S 96th ST,STANDARD,12/13/18,LOW
Quik-Pik,230 E HWY 275,STANDARD,05/03/18,LOW
REDNECKS,3421 S 84 ST,STANDARD,04/10/18,LOW
REGIS FOOD MART,6828 S 143 PLZ,FAIR,01/03/19,LOW
REVERB LOUNGE,6121 MILITARY AVE,EXCELLENT,09/19/17,LOW
ROSE & CROWN PUB,515 S 20 ST,STANDARD,06/14/18,LOW
River City Saloon,1802 VINTON ST,STANDARD,04/09/18,LOW
SALAAM NAMASTE,13826 P ST,STANDARD,06/04/18,LOW
SALWEEN THAI GROCERY,1106 NW RADIAL HWY,STANDARD,05/15/18,LOW
SELECT MART,2401 LEAVENWORTH,STANDARD,08/24/18,LOW
SHELLY'S DIPPIN DOTS,10000 CALIFORNIA ST,STANDARD,01/09/18,LOW
SHELTERBELT THEATRE,3225 CALIFORNIA ST,EXCELLENT,10/30/17,LOW
SINCLAIR,5215 N 16 ST,STANDARD,07/10/18,LOW
ST BERNARD LOUNGE,14457 F ST,STANDARD,09/08/17,LOW
STU'S PLACE,9101 BEDFORD AVE,STANDARD,04/02/18,LOW
SUPER T'S,3805 LAKE ST,STANDARD,09/20/18,LOW
Schmidley's Golf Range,4700 N 120th ST,STANDARD,04/19/18,LOW
Scissors & Scotch, 2835 S 170th Plz  Ste 212 ,STANDARD,10/03/17,LOW
Scooter's Coffee House,10000 California ST,EXCELLENT,09/29/17,LOW
Scooter's Coffee House,10309 Pacific ST,STANDARD,02/20/18,LOW
Snow Daze,4702 S 27th St,STANDARD,07/31/18,LOW
Southern Glazers Wine and Spirts of Nebraska,4433 S 96TH ST,STANDARD,09/25/17,LOW
Speedy Gas N Shop,5822 Maple St,STANDARD,01/04/18,LOW
Spring Lake Golf Snack Bar,4020 Hoctor BLVD,STANDARD,10/17/17,LOW
Spruce Street Tavern, 327 N Spruce ST  Valley ,STANDARD,08/28/17,LOW
Still Poppin Gourment Popcorn,8501 N 30th,STANDARD,12/13/18,LOW
T HENRY'S PUB,318 S 11 ST,STANDARD,08/17/18,LOW
TOBACCO & PHONES 4 LESS,5444 CENTER ST,STANDARD,02/15/18,LOW
TOYS 'R' US,3435 OAKVIEW DR,EXCELLENT,10/31/17,LOW
TRAP ROOM (THE),733 N 14 ST,EXCELLENT,10/23/17,LOW
TURF CLUB,2404 S 60 ST,STANDARD,03/12/18,LOW
The Bull and the Bear,11341 Davenport St,STANDARD,08/29/17,LOW
Tobacco & Phones 4 Less,4429 California ST,STANDARD,10/06/17,LOW
Tobacco & Phones 4 Less,7204 Blondo ST,STANDARD,12/27/17,LOW
Tobacco & Phones 4 Less,4725 S 77th AVE -RALSTON,STANDARD,10/26/18,LOW
Tobacco 4 Less,4108 Dodge ST,STANDARD,05/02/18,LOW
Tobacco Hut #15,5434 N 103rd,STANDARD,10/02/17,LOW
Tobacco Hut #19,6206 AMES AVE,STANDARD,08/28/17,LOW
Tobacco Road Discount,1414 S Saddle Creek RD,STANDARD,03/20/18,LOW
UNDERWOOD BAR,4918 UNDERWOOD AVE,STANDARD,10/05/17,LOW
VARSITY SPORTS CAFÉ/ROMAN COIN PIZZA,9735 Q ST,STANDARD,06/25/18,LOW
VIC'S CORN POPPER,3001 S 144 ST,STANDARD,06/07/18,LOW
VILLAGE BAR - RALSTON,5700 S 77 ST,STANDARD,09/01/17,LOW
VIP LOUNGE,9001 ARBOR ST,STANDARD,05/08/18,LOW
VIP NUTRITION,828 PARK AVE,STANDARD,04/26/18,LOW
WAITING ROOM (THE),6212 MAPLE ST,EXCELLENT,09/19/17,LOW
WAOO DANCING CLUB,10730 PACIFIC ST,EXCELLENT,08/11/17,LOW
WEAVER LOUNGE,401 S 16 ST,EXCELLENT,11/27/17,LOW
WICKED RABBIT,1508 HARNEY ST,STANDARD,08/08/17,LOW
WINE 121,12100 W CENTER RD STE 905,STANDARD,11/07/17,LOW
WINNERS LOUNGE,5413 S 72 ST,STANDARD,11/15/18,LOW
Walgreens #06802,15525 Spaulding Plaza,EXCELLENT,09/15/17,LOW
Walgreens #07563,8989 W Dodge ST,EXCELLENT,10/11/17,LOW
Walgreens #15237,2929 N 60th ST,EXCELLENT,08/31/17,LOW